Episode id	Episode name	Original episode name	Premiere yyyy.MM.dd	Description
s0e1	Эпизод 1	The Spirit Of Christmas (Jesus vs. Frosty)	1992.12.08	
s0e2	Эпизод 2	Your Studio and You	1995.09.14	
s0e3	Эпизод 3	The Spirit Of Christmas (Jesus vs. Santa)	1995.12.01	
s0e4	Эпизод 4	Countdown to 1997	1996.12.31	
s0e5	Эпизод 5	The 1997 CableACE Awards	1997.11.15	
s0e6	Эпизод 6	Jay Leno Comes To South Park	1997.11.20	
s0e7	Эпизод 7	O Holy Night Music Video	1997.12.25	
s0e8	Эпизод 8	O Little Town Of Bethlehem Music Video	1997.12.25	
s0e9	Эпизод 9	Countdown to 1998	1997.12.31	
s0e10	Эпизод 10	MADtv: South Parknuts	1998.05.02	
s0e11	Эпизод 11	Chef's Chocolate Salty Balls Music Video	1998.08.19	
s0e12	Эпизод 12	Chef Aid: Behind The Menu	1998.12.08	
s0e13	Эпизод 13	Countdown to 1999	1998.12.31	
s0e14	Эпизод 14	What Would Brian Boitano Do Music Video	1999.02.13	
s0e15	Эпизод 15	Movie Trailer: Beefcake	1999.06.01	
s0e16	Эпизод 16	Movie Trailer: Disco	1999.06.01	
s0e17	Эпизод 17	Movie Trailer: German Dance	1999.06.01	
s0e18	Эпизод 18	Dead Friend Sketch (South Park's Tribute To Monty Python)	1999.10.05	
s0e19	Эпизод 19	Countdown to 2000	1999.12.31	
s0e20	Эпизод 20	Blame Canada Music Video (Academy Awards)	2000.03.26	
s0e21	Эпизод 21	The Gauntlet	2000.06.03	
s0e22	Эпизод 22	MTV Movie Awards 2000	2000.06.08	
s0e23	Эпизод 23	Great Destinations (a.k.a. The Most Notorious Episode)	2002.06.19	
s0e24	Эпизод 24	South Park 5th Anniversary Special	2002.09.03	
s0e25	Эпизод 25	Going Down To South Park	2003.06.03	
s0e26	Эпизод 26	VH1 Goes Inside: South Park	2003.10.17	
s0e27	Эпизод 27	The Aristocrats Sketch	2005.08.12	
s0e28	Эпизод 28	Cartman Gets An Anal Probe: The Unaired And Uncut Original Pilot	2006.10.03	
s0e29	Эпизод 29	Lil' Rush	2007.06.13	
s0e30	Эпизод 30	The Imaginationland Trilogy	2008.03.12	
s0e31	Эпизод 31	Behind The Scenes of Major Boobage	2008.06.25	
s0e32	Эпизод 32	The Real South Park	2010.04.01	
s0e33	Эпизод 33	Six Days to Air: The Making of South Park	2011.10.09	
s1e0	Непоказанный пилот	Unaired Pilot	1997.08.13	"Друзья сообщают Картману, что его похищали инопланетяне. Он не верит, но все утверждают, что это - истинная правда."
s1e1	Картман и анальный зонд	Cartman Gets an Anal Probe	1997.01.01	"Выясняется, что инопланетянами в задницу Картмана вживлён передатчик. Кроме того, пришельцы похищают Айка, младшего брата Кайла. Стэн пытается завязать отношения с Венди, а Кайл пытается спасти своего брата."
s1e2	Набор веса 4000	Weight Gain 4000	1997.08.27	"Картман выигрывает общенациональный конкурс сочинений и начинает «набирать форму» с помощью средства «Набор веса 4000». Вручать ему приз приезжает телезвезда Кэти Ли Гиффорд, которую с детства ненавидит мистер Гаррисон. Венди Тестабургер пытается доказать, что Картман в конкурсе победил нечестно, а мистер Гаррисон решает убить Кэти Ли Гиффорд."
s1e3	Вулкан	Volcano	1997.08.20	"Дети отправляются на охоту с дядей Стэна Джимбо и его другом Недом. Картман рассказывает о страшном горном чудище — Сказложопе. Некстати начинается извержение вулкана, которое грозит уничтожить Саут-Парк."
s1e4	Большой Эл-гомосек и его гомояхта	Big Gay Al's Big Gay Boat Ride	1997.09.03	"Стэн обнаруживает, что его пёс Спарки голубой, и это его шокирует. Стэн пытается отучить Спарки от его наклонностей. В то же время третий класс готовится к решающей игре в американский футбол, в которой Стэну предстоит сыграть решающую роль."
s1e5	Слон занимается любовью со свиньёй	An Elephant Makes Love to a Pig	1997.09.10	"Стэн мучается от побоев своей сестры Шелли. Кайл заводит слона, и друзья, пытаясь скрестить его со вислобрюхой свиньёй Картмана, обращаются в лабораторию доктора Альфонса Мефесто. Билл, Терренс и Фосси в попытке создать что-то более эффектное, чем главные герои, клонируют Стэна."
s1e6	Смерть	Death	1997.09.17	"Дедушке Стэна — 102 года. Единственное, что он хочет — умереть. Он пытается любым способом добиться, чтобы Стэн его убил. Тем временем Шейла Брофловски пытается запретить шоу Терренса и Филлипа."
s1e7	Конъюнктивит	Pinkeye	1997.10.29	"Наступает Хэллоуин и традиционный школьный конкурс костюмов. Кенни погибает, когда на него падает станция «Мир», и становится зомби, однако врач думает, что у него конъюнктивит. Кенни постепенно превращает в зомби всех жителей Саут-Парка, и Кайлу приходится распилить его."
s1e8	Кошмарный Марвин	Starvin' Marvin	1997.11.19	"Наступает день благодарения. Дети знакомятся с мальчиком из Эфиопии, которого им по ошибке прислали вместо наручных часов. Доктор Мефесто, пытаясь генетически модифицировать индеек, превращает их в убийц."
s1e9	"Мистер Хэнки, рождественская какашка"	"Mr. Hankey, the Christmas Poo"	1997.12.17	"Город пытается организовать политкорректное Рождество, а Кайл — познакомить всех со своим другом, живущим в канализации."
s1e10	Дэмиен	Damien	1998.02.04	"В школе новичок — Дэмиен, сын дьявола, с которым никто не хочет дружить. Он предрекает пришествие князя тьмы, и скоро Сатана должен сразиться с Иисусом на ринге."
s1e11	Ринопластическая клиника Тома	Tom's Rhinoplasty	1998.02.11	Мистер Гаррисон изменяет себе нос. Все мальчики третьего класса стараются привлечь внимание новой красотки-учительницы.
s1e12	Меха-Стрейзанд	Mecha-Streisand	1998.02.18	"Во время экскурсии на место раскопок друзья находят артефакт, который стремится заполучить Барбра Стрейзанд, после чего превращается в гигантского монстра, грозя разрушить город."
s1e13	Мамаша Картмана — грязная шлюха	Cartman's Mom Is a Dirty Slut	1998.02.25	"Картман пытается выяснить, кто его отец, а Стэн и Кайл невольно помогают ему оплатить генетическую экспертизу."
s2e1	Терренс и Филлип в «Не без моего ануса»	Terrance and Phillip in Not Without My Anus	1998.04.01	"Эта серия — телефильм Терренса и Филлипа, в котором они спасают Канаду от завоевания Саддамом Хусейном и борются со своим врагом Скоттом."
s2e2	Мамаша Картмана по-прежнему грязная шлюха	Cartman's Mom is Still a Dirty Slut	1998.04.22	"Съёмочную группу, приехавшую на место покушения на Мефесто, изолировало от внешнего мира. Картман наконец узнает, кто его отец."
s2e3	Куролюб	Chickenlover	1998.05.20	"Для того, чтобы поймать «куролюба», офицер Барбреди должен научиться читать. Он назначает друзей помогать ему в этом деле."
s2e4	Пиписька Айка	Ike's Wee Wee	1998.05.27	"Друзья выясняют, что такое обрезание. Кайл узнает, что его брат Айк — приёмный. Мистер Мэки уходит из школы и экспериментирует с наркотиками."
s2e5	Женщина с приросшим эмбрионом	Conjoined Fetus Lady	1998.06.03	"Друзья отправляются в Китай на финал чемпионата мира по доджболу. В городе объявлена неделя имени медсестры, страдающей мислексией сросшихся близнецов."
s2e6	Мексиканская зырящая лягушка с южной Шри-Ланки	The Mexican Staring Frog of Southern Sri Lanka	1998.06.10	"Дядя Джимбо и Иисус ведут конкурирующие телепередачи. Ребята решают подставить Джимбо, однако делают его шоу только популярнее."
s2e7	Город на краю вечности	City on the Edge of Forever	1998.06.17	"Друзья вспоминают прошлое, застряв в школьном автобусе на краю пропасти, а мисс Крабтри находит любовь и становится стенд-ап-комиком."
s2e8	Лето — отстой	Summer Sucks	1998.06.24	"Наступило лето и мистер Гаррисон потерял мистера Шляпу. По всему штату вводят запрет на фейерверки, и городские власти пытаются придумать что-нибудь вместо них."
s2e9	Солёные шоколадные яйца Шефа	Chef's Chocolate Salty Balls	1998.08.19	"В Саут-Парк приезжает независимый кинофестиваль. Друзья выясняют, что он вредит экосистеме города, и начинают с ним бороться."
s2e10	Ветрянка	Chickenpox	1998.08.26	"Матери мальчиков хотят, чтобы они заразились ветрянкой, а те пишут сочинения на тему «Как бы я улучшил Америку»."
s2e11	Роджеру Эберту следует отказаться от жирной пищи	Roger Ebert Should Lay Off the Fatty Foods	1998.09.02	"Смотритель планетария промывает мозги всему городу, кроме Картмана, который уезжает на кастинг в рекламный ролик сырных подушечек."
s2e12	Домики для игр	Clubhouses	1998.09.23	"Друзья строят два конкурирующих домика для игр, а Биби Стивенс влюбляется в Кайла. Родители Стэна расходятся."
s2e13	Коровьи дни	Cow Days	1998.09.30	"В городе проходит ежегодное родео и карнавал «Коровьи дни». Друзья заставляют Картмана участвовать в скачках на быках, чтобы выиграть 5000 долларов."
s2e14	Шефская помощь	Chef Aid	1998.10.07	"Звукозаписывающая компания крадёт песню Шефа и подает на него же в суд. Друзья пытаются ему помочь, а мистер Гаррисон хочет разобраться в себе."
s2e15	Страшная рыбка	Spookyfish	1998.10.28	"Рыбка Стэна убивает людей. Вслед за рыбкой из злого параллельного мира появляется «злой» Картман, который куда лучше «доброго»."
s2e16	"Счастливого Рождества, Чарли Мэнсон!"	Merry Christmas Charlie Manson!	1998.12.09	"Стэн убегает из дома, чтобы провести Рождество с родственниками Картмана. Там он с друзьями встречает Чарльза Мэнсона."
s2e17	Гномы	Gnomes	1998.12.16	"Друзьям вместе с Твиком надо написать доклад о текущих событиях в городе. Твик предлагает в качестве темы кальсонных гномов, но его отец хочет с помощью детей закрыть конкурирующую кофейню."
s2e18	Доисторический ледяной человек	Prehistoric Ice Man	1999.01.20	"Стэн и Кайл находят человека, замерзшего в 1996 году. Мефесто считает его уникальным существом, однако тот просто хочет домой."
s3e1	Джунгли-Шмунгли	Rainforest Shmainforest	1999.04.07	Друзья вынуждены участвовать в музыкальной кампании в защиту исчезающих тропических лесов. Кенни влюбляется и эта любовь помогает ему выжить.
s3e2	Самопроизвольное возгорание	Spontaneous Combustion	1999.04.14	"Отец Стэна должен выяснить, почему люди стали самопроизвольно возгораться. Картмана распинают на кресте."
s3e3	Суккуб	The Succubus	1999.04.21	"Шеф собирается жениться. Друзья волнуются, потому что он и особенно его невеста ведут себя как-то странно, и пытаются помешать свадьбе."
s3e4	Яковозавры	Jakovasaurs	1999.06.16	"Город старается спасти вымирающий вид — яковозавров. Однако постепенно эти животные начинают раздражать всех, кроме Картмана."
s3e5	Твик против Крэйга	Tweek vs. Craig	1999.06.23	"Друзья тренируют двух одноклассников, чтобы те подрались. Учитель труда мистер Адлер вспоминает погибшую невесту."
s3e6	Панда сексуальных домогательств	Sexual Harassment Panda	1999.07.07	"Человек, искренне верящий, что он панда, рассказывает школьникам о сексуальных домогательствах и судебных исках."
s3e7	Кошачья оргия	Cat Orgy	1999.07.14	"Мама Картмана отправляется на вечеринку, а Эрику приходится нелегко со своей няней — Шелли Марш. У его кошки Китти течка."
s3e8	Два голых парня в горячей ванне	Two Guys Naked in a Hot Tub	1999.07.21	"Стэн вынужден отправиться на вечеринку по поводу метеоритного дождя и общаться с главными отщепенцами школы. Его отец, Рэнди, нервничает после того, как он и отец Кайла, Джеральд, вместе мастурбируют в горячей ванне."
s3e9	Иубилей	Jewbilee	1999.07.28	"Кайл, Кенни и Айк отправляются в еврейский скаутский лагерь. Там людям является Моисей."
s3e10	Отличная загадка группы Korn о пиратском призраке	Korn's Groovy Pirate Ghost Mystery	1999.10.27	Город празднует Хеллоуин. Друзья пытаются напугать пятиклассников. В город приезжает с концертом группа «Korn».
s3e11	Чинпокомон	Chinpokomon	1999.11.03	"Друзья увлечены новой игрой из Японии — чинпокомонами. Взрослые начинают беспокоиться, так ли эта мода безопасна."
s3e12	Увлекательная фонетика с обезьянкой	Hooked on Monkey Fonics	1999.11.10	"С помощью специальной обезьянки Картман надеется выиграть конкурс по произношению слов по буквам. Друзья знакомятся с детьми, находящимися на домашнем обучении."
s3e13	Кошмарный Марвин в космосе	Starvin' Marvin in Space	1999.11.17	Кошмарный Марвин находит корабль пришельцев и начинает искать своему народу новый дом. Друзья пытаются спасти его от правительства и христианской организации.
s3e14	Алый знак веселья	The Red Badge of Gayness	1999.11.24	"В традиционной реконструкции гражданской войны между Севером и Югом Картман играет за южан, подговаривая пьяную компанию побить северян."
s3e15	Классические рождественские песни от мистера Хэнки	Mr. Hankey's Christmas Classics	1999.12.01	"Музыкальный эпизод, в котором исполняются отдельные песни с CD «Mr. Hankey's Christmas Classics»."
s3e16	"Господь, ты там? Это я, Иисус"	"Are You There God? It's Me, Jesus"	1999.12.29	"Стэн страдает от одиночества, потому что его друзья решили, что у них начался период полового созревания, и Картман создает для них клуб."
s3e17	Всемирный флейтовый концерт	World Wide Recorder Concert	2000.01.12	Мистер Гаррисон страдает из-за давней психологической травмы. Друзья решают пошалить на всемирном флейтовом концерте.
s4e1	Зуб за зуб зубной феи 2000	The Tooth Fairy's Tats 2000	2000.04.05	"Друзья узнают, что зубная фея — выдумка, и собираются разбогатеть за счёт этого мифа. Но вскоре оказывается, что идея пришла в голову не только им."
s4e2	Тупое преступление Картмана 2000	Cartman's Silly Hate Crime 2000	2000.04.12	"Картман кидает камнем в Токена, что расценивается как расовая нетерпимость. Он попадает в тюрьму."
s4e3	Тимми 2000	Timmy 2000	2000.04.19	Всем детям Саут-Парка ставят ошибочный диагноз «синдром дефицита внимания». Новичок класса — умственно отсталый Тимми вступает в рок-группу и становится её лидером.
s4e4	Пятерняшки 2000	Quintuplets 2000	2000.04.26	"Друзья пытаются спрятать выступающих в цирке румынских пятерняшек-гимнасток от правительства, чтобы им не пришлось покинуть страну. Кенни едет в Европу, где становится профессиональным оперным певцом."
s4e5	Картман вступает в NAMBLA	Cartman Joins NAMBLA	2000.06.21	Картман хочет найти более взрослых друзей и вступает в NAMBLA. Родители Кенни решают завести ещё одного ребёнка.
s4e6	Тампоны из волос чероки	Cherokee Hair Tampons	2000.06.28	"Кайл тяжело болеет; мать пытается лечить его средствами народной медицины, а Стэн хочет заставить Картмана пожертвовать смертельно больному Кайлу одну из его почек."
s4e7	Шеф теряет терпение	Chef Goes Nanners	2000.07.05	"Шеф ругается с городом из-за флага Саут-Парка, считая его расистским. Венди с ужасом понимает, что начинает испытывать чувства к Картману."
s4e8	"Кое-что, что можно сделать пальцем"	Something You Can Do with Your Finger	2000.07.12	"Друзья вместе с Венди организуют мальчиковую группу, но отец Стэна, вспомнив свой опыт участия в бой-бэнде, категорически против."
s4e9	Попадают ли умственно отсталые в ад?	Do the Handicapped Go to Hell?	2000.07.19	"После проповеди отца Макси друзья начинают интересоваться, попадают ли умственно неполноценные или евреи в рай. Саддам Хусейн возвращается в ад и снова встречается с Сатаной."
s4e10	Возможно	Probably	2000.07.26	Картман и друзья создают собственную церковь вопреки воле родителей. В аду Сатане приходится выбирать одного из двух любовников.
s4e11	Четвёртый класс	4th Grade	2000.11.08	"Друзья переходят в четвёртый класс. У них новая учительница — мисс Заглотник. Мистер Гаррисон в конце концов признает, что он — гомосексуал."
s4e12	Школьный портфель	Trapper Keeper	2000.11.15	"Картман завладел опасным устройством, способным захватить мир. В детском саду класс мистера Гаррисона устраивает выборы с непонятным результатом."
s4e13	Хелен Келлер! Мюзикл	Helen Keller! The Musical	2000.11.22	Четвёртый класс хочет сделать на основе постановки про Хеллен Келлер мюзикл. Тимми заводит себе индюшку-инвалида.
s4e14	Пип	Pip	2000.11.29	Пересказ произведения Чарльза Диккенса «Большие надежды». В главной роли — Пип.
s4e15	Лагерь для толстяков	Fat Camp	2000.12.06	"Картмана отправляют в лагерь для потери веса. Кенни становится необычайно популярен, делая гадкие вещи за деньги."
s4e16	История о мерзком приставании	The Wacky Molestation Adventure	2000.12.13	"Дети сердятся на родителей и заявляют полиции, будто родители их домогались. В результате в городе остаются одни дети, и начинается война."
s4e17	Очень дерьмовое Рождество	A Very Crappy Christmas	2000.12.20	"Всем надоело Рождество, никто в Саут-Парке не хочет его праздновать, но друзья пытаются спасти праздник. Кайл обращается к мистеру Хэнки, но тот занят проблемами в семье."
s5e1	Большая общественная проблема	It Hits the Fan	2001.06.20	"Друзья вместе с Шефом должны прекратить распространение слова «говно», так как, если постоянно публично его произносить, люди по неизвестной причине заболевают и умирают."
s5e2	Бой калек	Cripple Fight	2001.06.27	Большой Эл-гомосек становится вожатым у скаутов. Тимми ревнует друзей к другому физически неполноценному — Джимми и дерётся с ним.
s5e3	Суперлучшие друзья	Super Best Friends	2001.07.04	"В Саут-Парке начинает действовать опасный культ. Стэн, Иисус и его товарищи — команда супергероев должны спасти сторонников секты."
s5e4	Скотт Тенорман должен умереть	Scott Tenorman Must Die	2001.07.11	"Старшеклассник Скотт Тенорман выставляет Эрика Картмана на посмешище, продав ему свои лобковые волосы. Тот решает жестоко отомстить."
s5e5	Терренс и Филлип: обратная сторона успеха	Terrance and Phillip: Behind the Blow	2001.07.18	"Друзья пытаются помирить Терренса и Филлипа, чтобы те могли выступить на фестивале Дня Земли в Саут-Парке."
s5e6	Картманлэнд	Cartmanland	2001.07.25	"У Кайла — смертельно опасный геморрой. Он начинает терять веру в Бога, когда Картман получает наследство в миллион долларов и покупает собственный парк аттракционов."
s5e7	Правильное использование презерватива	Proper Condom Use	2001.08.01	"Школа вынуждена преподавать половое воспитание в младших классах после того, как мальчики стали «доить» собак. Но дети неправильно понимают новую информацию."
s5e8	Полотенчик	Towelie	2001.08.08	"Для того, чтобы вернуть свою игровую приставку, друзьям надо решить проблему с живым полотенцем, за которым охотятся военные и учёные."
s5e9	У Осамы Бин Ладена вонючие штаны	Osama Bin Laden Has Farty Pants	2001.11.07	"Город охватывает массовая паника из-за терроризма. Стэну присылают козла из Афганистана, и тот решает вернуть его домой."
s5e10	Как питаться с помощью задницы	How to Eat with Your Butt	2001.11.14	"Картман публикует весьма своеобразную фотографию Кенни на пакетах с молоком. Семья из другого штата, страдающая редкой болезнью, принимает Кенни за своего пропавшего сына."
s5e11	Сущность	The Entity	2001.11.21	"В Саут-Парк приезжает двоюродный брат Кайла, которого тоже зовут Кайл. Мистера Гаррисона достают авиакомпании, и он решает изобрести собственный вид транспорта."
s5e12	Приходят соседи	Here Comes the Neighborhood	2001.11.28	"Токена все дразнят, потому что он богатый. Тогда он приглашает богатые семьи в Саут-Парк, причем все они оказываются чёрными."
s5e13	Кенни умирает	Kenny Dies	2001.12.05	"Кенни вот-вот умрёт от редкой мышечной болезни. Картман под предлогом спасения Кенни добивается от Конгресса США легализации стволовых клеток, однако вместо помощи умирающему другу строит с помощью стволовых клеток пиццерию."
s5e14	Собственный эпизод Баттерса	Butters' Very Own Episode	2001.12.12	"Семья Баттерса рушится накануне годовщины, но он сам не понимает, что происходит. Линда Стотч пытается убить своего сына, а затем и себя."
s6e1	Джаред и его СПИД	Jared Has Aides	2002.03.06	"Город озабочен проблемой сброса веса после речи Джареда Фогла. Друзья решают заработать, заставив Баттерса потолстеть, чтобы он смог сбросить вес, как Джаред."
s6e2	Асспен	Asspen	2002.03.13	"Друзья с родителями проводят отпуск в Аспене. Стэна вызывают на состязания по слалому, а родителей не отпускают с рекламного семинара."
s6e3	Забастовка уродов	Freak Strike	2002.03.20	"Друзья отправляют Баттерса на шоу уродов. Тот получает приз, но не делится с ними, и теперь выиграть приз старается Картман."
s6e4	Спасём телятину	Fun with Veal	2002.03.27	"Друзья видят на ферме маленьких телят, понимают, что после этого зрелища они не смогут есть телятину, и решают спасти их от смерти."
s6e5	Ждём новый фильм Терренса и Филлипа	The New Terrance and Phillip Movie Trailer	2002.04.03	"Друзья вынуждены смотреть идиотское телешоу с Расселом Кроу, чтобы не пропустить анонс нового фильма с Терренсом и Филлипом."
s6e6	Профессор Хаос	Professor Chaos	2002.04.10	"Друзья «увольняют» Баттерса, после чего он решает стать суперзлодеем и уничтожить мир. Друзья ищут ему замену и организуют конкурс."
s6e7	Это уже было у «Симпсонов»	The Simpsons Already Did It	2002.06.26	"Баттерс строит злобные планы, но оказывается, что все они уже описаны в «Симпсонах». Картман загорается идеей завести у себя дома морской народец."
s6e8	Пылкая католическая любовь	Red Hot Catholic Love	2002.07.03	"Отец Макси отправляется в Ватикан, чтобы обсудить проблему растления несовершеннолетних католическими священниками. Взрослые жители Саут-Парка становятся атеистами. Картман учится испражняться ртом."
s6e9	Даёшь шляпу	Free Hat	2002.07.10	"Дети основывают клуб по спасению старых фильмов от переделывания. Взрослые ошибочно думают, будто клуб будет бороться за освобождение Шляпы, серийного убийцы младенцев."
s6e10	А сиськи всё испортили	Bebe's Boobs Destroy Society	2002.07.17	"У Биби растет грудь, и она становится лучшей подругой всех мальчиков класса. Вскоре она сама становится этому не рада."
s6e11	Похищение детей — это не смешно	Child Abduction Is Not Funny	2002.07.24	"Новости говорят о новых случаях похищения детей. Родители нанимают китайца из ресторана, чтобы он построил защитную стену вокруг города."
s6e12	Лестница в небо	A Ladder to Heaven	2002.11.06	"Друзья хотят добраться к Кенни — у него их лотерейный билет. Для этого они строят лестницу в рай. Картман случайно выпивает прах Кенни, перепутав его с какао, и теперь одержим его духом."
s6e13	Возвращение братства кольца в две башни	The Return of the Fellowship of the Ring to the Two Towers	2002.11.13	"Друзья, увлечённые «Властелином колец», должны вернуть видеокассету с порнографией в прокат до того, как у них её отберут шестиклассники."
s6e14	Концлагерь терпимости	The Death Camp of Tolerance	2002.11.20	"Мистер Гаррисон пытается спровоцировать свое увольнение, чтобы подать на школу в суд за дискриминацию. Теперь у него новый помощник — мистер Мазохист."
s6e15	Самый большой говнюк во вселенной	The Biggest Douche in the Universe	2002.11.27	"Картман заболевает, и Шеф везёт его к своим родителям в Шотландию, чтобы изгнать дух Кенни. А Стэн пытается бороться с Джоном Эдвардом как с мошенником."
s6e16	Я и моё будущее	My Future Self n' Me	2002.12.04	"Стэн встречается с самим собой из будущего, но постепенно понимает, что дело нечисто. Картман открывает контору для детей, желающих отомстить родителям."
s6e17	Убить Санта-Клауса	Red Sleigh Down	2002.12.11	"Картман старается принести Рождество в разрушенный Ирак, чтобы попасть в список хороших детей и получить подарок. В финале серии возвращается Кенни."
s7e1	Шоу закрыто	Cancelled	2003.03.19	"Друзья узнают, что Земля является одним большим телешоу для инопланетян. Так как земляне догадались, что они находятся под наблюдением из космоса, космические продюсеры принимают решение закрыть шоу и уничтожить планету. Друзья пытаются их убедить сохранить шоу и, соответственно, Землю."
s7e2	Сумасшедшие калеки	Krazy Kripples	2003.03.26	Тимми и Джимми хотят создать клуб для калек. Кристофер Рив приезжает в город и рассказывает о важности изучения стволовых клеток.
s7e3	Туалетная бумага	Toilet Paper	2003.04.02	"Кайла мучает совесть после того, как он с друзьями закидал туалетной бумагой дом учительницы. За расследование этого дела берётся офицер Барбреди."
s7e4	Я люблю кантри	I'm a Little Bit Country	2003.04.09	Друзья участвуют в антивоенной демонстрации. Картман путешествует в прошлое — во времена войны за независимость США.
s7e5	Толстая задница и тупая башка	Fat Butt and Pancake Head	2003.04.16	"Картман обнаруживает, что его ладонь превратилась в Дженнифер Лопес и теперь живёт почти самостоятельной жизнью. Звукозаписывающие компании нанимают её и увольняют настоящую Джей-Ло."
s7e6	Маленькие борцы с преступностью	Lil' Crime Stoppers	2003.04.23	Друзья играют в полицейских. После успешного раскрытия дела о похищенной кукле их назначают младшими детективами полиции Саут-Парка и поручают самые серьёзные дела.
s7e7	Алчность краснокожего	Red Man's Greed	2003.04.30	"Индейцы скупают город и собираются строить на его месте шоссе. Жители против, и индейцы заражают их атипичной пневмонией. Стэн пытается найти от неё лекарство."
s7e8	Голубой Саут-Парк	South Park Is Gay	2003.10.22	Все мужчины (и мальчики) города становятся метросексуалами. Однако Кайл не хочет следовать новой моде.
s7e9	Тяжёлый христианский рок	Christian Rock Hard	2003.10.29	"Картман, Токен и Баттерс создают христианскую музыкальную группу. Стэн, Кайл и Кенни узнаю?т, почему нельзя скачивать музыку из Интернета бесплатно."
s7e10	Седой рассвет	Grey Dawn	2003.11.05	После многочисленных несчастных случаев у пожилых горожан города отбирают водительские права. Организация пенсионеров протестует.
s7e11	Каса-Бонита	Casa Bonita	2003.11.12	"Картман пытается получить приглашение на день рождения Кайла в мексиканский ресторан Каса-Бонита, для чего прячет ото всех Баттерса."
s7e12	Всё о мормонах	All About Mormons	2003.11.19	"В город приезжает семья мормонов. Постепенно Стэн сближается с ними, а его отец и вовсе решает стать мормоном."
s7e13	Завязывай	Butt Out	2003.12.03	"Друзья начинают курить. В город приезжает Роб Райнер, чтобы остановить распространение курения среди детей."
s7e14	Изюминки	Raisins	2003.12.10	"Венди бросает Стэна. Друзья ведут его в ресторан в стиле «Hooters» под названием «Изюминки», чтобы немного взбодрить. Там Баттерс встречает девочку, которая вроде бы проявляет к нему интерес. Стэн становится готом."
s7e15	Рождество в Канаде	It's Christmas in Canada	2003.12.17	"Накануне Рождества появляются настоящие родители Айка, забирающие его обратно в Канаду. Кайл с друзьями отправляется вслед за ними, чтобы поговорить с новым премьер-министром этой страны и вернуть Айка."
s8e1	Славные времена с оружием	Good Times with Weapons	2004.03.17	Друзья покупают на ярмарке японское холодное оружие и воображают себя анимешными персонажами. Их противником становится профессор Хаос.
s8e2	Вверх скатываясь под стероидами	Up the Down Steroid	2004.03.24	"Джимми и Тимми участвуют в специальных олимпийских играх. Чтобы выиграть, Джимми принимает стероиды, а Картман притворяется умственно отсталым, чтобы участвовать и выиграть приз."
s8e3	Страсти жидовы	The Passion of the Jew	2004.03.31	Картман убеждает Кайла посмотреть фильм Мела Гибсона «Страсти Христовы» и создает антисемитскую организацию.
s8e4	Вас только что в'ли в ж'у	You Got F'd in the A	2004.04.07	Стэн должен собрать команду и победить в танцевальном состязании команду из другого округа. Он просит помощи Баттерса — экс-чемпиона штата по чечётке.
s8e5	ШИКАРН-О	AWESOM-O	2004.04.14	"Картман притворяется роботом, чтобы выведать секреты Баттерса, а затем осмеять его. Внезапно выясняется, что Баттерс сам знает одну из страшных тайн Эрика."
s8e6	Джефферсоны	The Jeffersons	2004.04.21	"Все дети города хотят дружить с новым богатым соседом, который обожает общаться с детьми. Полиция им тоже интересуется."
s8e7	Возвращайтесь обратно	Goobacks	2004.04.28	"Горожане в ярости, так как город заполонили пришельцы из будущего, готовые работать за копейки — ведь в 3045 году наступит тотальная безработица."
s8e8	Клизма и дерьмо	Douche and Turd	2004.10.27	"Общество защиты животных протестует против использования коровы в качестве талисмана школы. Стэн не хочет голосовать на выборах нового талисмана, где разгорается борьба кандидатов Кайла и Картмана."
s8e9	"Кое-что о том, как пришёл Wall-Mart"	Something Wall-Mart This Way Comes	2004.11.03	"В Саут-Парке открывается супермаркет Wall-Mart, и все маленькие магазины разоряются. Постепенно супермаркет порабощает жителей города."
s8e10	Детский сад	Pre-School	2004.11.10	"Друзья в панике, потому что их старый знакомый Трент Бойетт выходит из тюрьмы и хочет им отомстить. Они ищут помощи у шестиклассников и у Шелли."
s8e11	В погоне за рейтингами	Quest for Ratings	2004.11.17	Друзья работают над телепередачей и стараются обогнать передачу Крэйга по популярности. Для этого они решают попробовать декстрометорфан-содержащий сироп от кашля.
s8e12	Видеонабор тупой испорченной шлюхи	Stupid Spoiled Whore Video Playset	2004.12.01	"Все четвероклассницы, кроме Венди, хотят быть похожими на богатую и знаменитую Пэрис Хилтон, гордящуюся тем, что она тупая и избалованная шлюха."
s8e13	Удивительный дар Картмана	Cartman's Incredible Gift	2004.12.08	"Сержант Ейтц считает, что Картман обладает паранормальными способностями, и использует его как детектива-медиума, чтобы найти серийного убийцу."
s8e14	Рождество у лесных тварей	Woodland Critter Christmas	2004.12.15	"Стэн помогает лесным тварям, ожидающим рождение своего спасителя, но выясняется, что служат они совсем не тому спасителю."
s9e1	Новая модная вагина мистера Гаррисона	Mr. Garrison's Fancy New Vagina	2005.03.09	"Мистеру Гаррисону делают операцию по смене пола, и теперь он — миссис Гаррисон. Тем самым он невольно подсказывает Кайлу, как можно попасть в баскетбольную команду штата."
s9e2	"Сдохни, хиппи, сдохни"	"Die Hippie, Die"	2005.03.16	"Картман ищет способ сократить растущее поголовье хиппи, которое заполонит Саут-Парк накануне грандиозного хиппи-фестиваля. Но фестиваль-таки состоялся, и на плечи Картмана выпадает спасение города."
s9e3	Винг	Wing	2005.03.23	Друзья хотят заработать на певческом таланте Токена и становятся его агентами. После неудачи они берутся за дела китайской певицы Винг.
s9e4	Лучшие друзья навсегда	Best Friends Forever	2005.03.30	"Кенни лучше всех играет в игру «Небеса против сил зла» для детища небес — консоли PSP. По этой причине в раю организуют его смерть, но люди пытаются вернуть его к жизни. На небесах грядёт масштабная битва, место главнокомандующего должен занять Кенни."
s9e5	Всё ради поражения	The Losing Edge	2005.04.06	"Мальчики стараются проиграть бейсбольные матчи, чтобы не играть в эту «скучную» игру всё лето. Рэнди тренируется драться с другими отцами на трибунах."
s9e6	Смерть Эрика Картмана	The Death of Eric Cartman	2005.04.13	"Дети Саут-Парка решают игнорировать Картмана, и он решает, что умер. Только Баттерс, не принимавший участия в договоре, видит Эрика."
s9e7	День эрекции	Erection Day	2005.04.20	"У Джимми начинаются эрекции, и он волнуется по этому поводу перед выступлением на школьном шоу талантов."
s9e8	За два дня до послезавтра	Two Days Before the Day After Tomorrow	2005.10.19	"Стэн и Картман случайно ломают плотину, в результате чего учёные предполагают глобальное потепление и вводят чрезвычайную ситуацию."
s9e9	Марджорин	Marjorine	2005.10.26	"Чтобы отобрать у девочек прибор, предсказывающий будущее, дети вынуждают Баттерса инсценировать собственную смерть и попасть на девичник у Хейди в роли новой девочки, Марджорин."
s9e10	Следи за яйцом!	Follow That Egg	2005.11.02	"Узнав, что мистер Мазохист и большой Эл-гомосек собираются пожениться, миссис Гаррисон клянется добиться запрета однополых браков. Для этого она пытается использовать результаты школьного задания."
s9e11	Рыжие дети	Ginger Kids	2005.11.09	"Картман начинает кампанию против рыжих. Обозлённый Кайл делает так, что Эрик сам становится рыжим, но тот кардинально меняет ситуацию."
s9e12	Застрявший в чулане	Trapped in the Closet	2005.11.16	"Стэн обращается за советом к сайентологии, лидеры которой признают его новым пророком. Том Круз, Ар Келли и Джон Траволта запираются в чулане Стэна."
s9e13	Освободите Виллзиака	Free Willzyx	2005.11.30	"Встретив в океанариуме «говорящего» кита, друзья решают вернуть его домой — на Луну. Пародия на фильм «Освободите Вилли»."
s9e14	Кровавая Мэри	Bloody Mary	2005.12.07	"У Рэнди проблемы с алкоголем. В соседнем городе у статуи девы Марии начинает идти кровь из задницы, и это чудо становится его последней надеждой."
s10e1	Возвращение Шефа	The Return of Chef	2006.03.22	"Шеф уезжает из Саут-Парка и вступает в «Супер-клуб путешественников». Когда он возвращается, друзья замечают, что с ним что-то не так."
s10e2	Угроза самодовольства!	Smug Alert!	2006.03.29	"Семья Кайла пользуется гибридными автомобилями и решает переехать в Сан-Франциско. Стэн пытается вернуть друга, но в итоге миру угрожают куда более опасные выхлопы."
s10e3	Мультипликационные войны: Часть 1	Cartoon Wars: Part 1	2006.04.05	"Сериал «Гриффины» хочет пустить в эфир изображение Мухаммеда. Исламский мир в ярости, горожане паникуют. Кайл соглашается помочь Картману снять опасную серию с эфира."
s10e4	Мультипликационные войны: Часть 2	Cartoon Wars: Part 2	2006.04.12	"Картман добирается до студии FOX. Он старается договориться с президентом телесети, но сначала ему надо убедить авторов сериала в необходимости цензуры."
s10e5	Миллион тонких нитей	A Million Little Fibers	2006.04.19	"У Полотенчика закончились деньги, и он решает опубликовать мемуары, скрывшись под «человеческим» псевдонимом Стивен Полотенчик."
s10e6	Челмедведосвин	ManBearPig	2006.04.26	"Друзья застревают в Пещере ветров из-за попыток Альберта Гора убить «Челмедведосвина» — выдуманное существо, с помощью которого вице-президент старается добиться внимания."
s10e7	Цццт	Tsst	2006.05.03	"Мама Картмана понимает, что больше не контролирует своего сына, и прибегает к помощи специалистов."
s10e8	"Занимайтесь любовью, а не Warcraft’ом"	"Make Love, Not Warcraft"	2006.10.04	"Ребята играют в «World of Warcraft», однако их и других персонажей всё время кто-то убивает. Они решают ценой огромных усилий исправить ситуацию."
s10e9	Загадка о говне в писсуаре	Mystery of the Urinal Deuce	2006.10.11	"Мистер Мэки пытается узнать, кто нагадил в писсуар. Расследование этой истории стараниями Картмана неожиданно пересекается с расследованием событий 11 сентября."
s10e10	Учительница соблазняет мальчика	Miss Teacher Bangs a Boy	2006.10.18	"Айк и его учительница крутят любовный роман. Картмана наделяют властью коридорного смотрителя, и он помогает Кайлу бороться с опасным увлечением Айка."
s10e11	Ад на земле 2006	Hell on Earth 2006	2006.10.25	"Сатана устраивает вечеринку на земле по поводу Хеллоуина. Мальчики проверяют, можно ли вызвать с помощью зеркала мёртвого рэпера."
s10e12	"Вперёд, Бог, вперёд"	Go God Go	2006.11.01	"Картман замораживает себя, чтобы побыстрее дождаться выхода видеоприставки Nintendo Wii, но размораживают его только через 540 лет. Миссис Гаррисон борется с теорией эволюции."
s10e13	"Вперёд, Бог, вперёд XII"	Go God Go XII	2006.11.08	"Картман понимает, что в будущем ему не удастся поиграть в Nintendo Wii, и пытается изменить прошлое, чтобы не дать себе себя заморозить."
s10e14	Кубок Стэнли	Stanley's Cup	2006.11.15	"Чтобы вернуть велосипед, Стэну приходится тренировать детсадовскую хоккейную команду, в составе которой — мальчик, больной раком."
s11e1	Извинения перед Джесси Джексоном	With Apologies to Jesse Jackson	2007.03.07	"Рэнди Марш произносит слово «ниггер» в прямом эфире. В то время, как жители Саут-Парка борются с нетерпимостью, Картман дерётся с карликом."
s11e2	Картман сосёт	Cartman Sucks	2007.03.14	Баттерс попадает в христианский лагерь для детей-гомосексуалистов. Картман обвиняет Кайла в краже компрометирующей фотографии.
s11e3	Вшивые приключения	Lice Capades	2007.03.21	"У кого-то из школьников завелись вши. Миссис Гаррисон отказывается говорить, у кого они завелись, но Картман находит способ выяснить это."
s11e4	Мандомба	The Snuke	2007.03.28	Хиллари Клинтон приезжает в Саут-Парк в рамках своей предвыборной кампании. Картман расследует террористический заговор. Пародия на телесериал «24».
s11e5	Чудесная пасхальная история	Fantastic Easter Special	2007.04.04	"Стэн ищет корни пасхальных традиций и узнает страшную тайну, к которой причастны его отец, лидеры католической церкви и Иисус, решивший опять воскреснуть."
s11e6	Лесбиянки!?	D-Yikes!	2007.04.11	"Миссис Гаррисон, разочаровавшись в мужчинах, становится лесбиянкой, после чего активно защищает лесбийский клуб от персов. Пародия на фильм «300 спартанцев»."
s11e7	Ночь живых бомжей	Night of the Living Homeless	2007.04.18	На улицах города становится всё больше бомжей. Друзья стараются решить эту проблему раз и навсегда.
s11e8	Синдром Туррета	Le Petit Tourette	2007.10.03	"Эрик Картман случайно узнаёт, что людям с синдромом Туретта можно публично браниться, и решает этим воспользоваться. Кайл пытается доказать, что Эрик жульничает."
s11e9	Больше дерьма	More Crap	2007.10.10	"Рэнди Марш после долгого запора порождает экскременты огромных размеров, и восхищённые друзья советуют ему зафиксировать рекорд через Книгу рекордов Гиннесса. Однако, у Рэнди появляется соперник."
s11e10	Воображляндия	Imaginationland	2007.10.17	"Картман клянётся, что видел лепрекона. Кайл ему не верит и соглашается пососать яйца Картману, если тот окажется прав. Идея взята из фильмов «Звёздная пыль» и «Чернильное сердце»."
s11e11	Воображляндия: Часть 2	Imaginationland: Episode II	2007.10.24	Правительство пытается с помощью Стэна и Кайла попасть в Воображляндию. Тем временем там захватывают власть злые персонажи.
s11e12	Воображляндия: Часть 3	Imaginationland: Episode III	2007.10.31	"Баттерсу предстоит осознать, какой силой он обладает в Воображляндии. Картман продолжает попытки заставить Кайла пососать свои яйца."
s11e13	Гитараст	Guitar Queer-o	2007.11.07	"Стэн и Кайл увлекаются игрой «Guitar Hero». У них появляется менеджер, однако его условием становится заменить Кайла на лучшего игрока."
s11e14	Список	The List	2007.11.14	"Девочки четвёртого класса составляют секретный список с рейтингом всех мальчиков. Когда мальчики всё-таки видят список, они поражаются неожиданным результатам."
s12e1	Проблема с гландами	Tonsil Trouble	2008.03.12	"У Эрика Картмана обнаруживают СПИД. Он рассчитывает на сочувствие со стороны окружающих, однако Кайл не может не отнестись к этому с иронией. В итоге Эрик решает преподать ему урок и заразить СПИДом."
s12e2	Новая внешность Бритни	Britney's New Look	2008.03.19	"Бритни Спирс, устав от слишком назойливого внимания, отстреливает себе половину головы, однако остаётся жива. Журналисты по-прежнему не оставляют её в покое ни на минуту. Мальчики, помогая ей спрятаться, узнают шокирующую правду о причине её популярности."
s12e3	Внушительные буфера	Major Boobage	2008.03.26	Кенни пропускает школу — его полностью поглотила наркозависимость от кошачьей мочи. В городе официально запрещают держать дома кошек.
s12e4	Канада бастует	Canada on Strike	2008.04.02	"Председатель Мирового Канадского Совета проводит забастовку против плохого отношения других стран к Канаде, и теперь вся ответственность за безопасность Канады лежит на плечах детей."
s12e5	"Фу, член!"	"Eek, a Penis!"	2008.04.09	"Картману выпадает шанс заняться самой непростой задачей в школьной системе — воспитанием трудных детей, и он неожиданно добивается успеха. Миссис Гаррисон вновь хочет стать мужчиной."
s12e6	Конец соединения	Over Logging	2008.04.16	"Жители Саут-Парка шокированы тем, что исчез доступ к Интернету. Рэнди Марш собирает вещи и отправляется на запад вместе с семьёй."
s12e7	Улётное время	Super Fun Time	2008.04.23	"Мистер Гаррисон берет четвёртый класс на экскурсию в Деревню Пионеров, где работники изображают персонажей 1800-х годов. Пока Картман и Баттерс бегали в соседний центр развлечений, всех в Деревне захватили в заложники грабители закусочной «Burger King»."
s12e8	Китайская проблема	The China Probrem	2008.10.08	"Картман должен в одиночку противостоять китайцам, пока американцев преследуют воспоминания о недавних трагических событиях — новый фильм про Индиану Джонса похож на изнасилование известного героя Лукасом и Спилбергом."
s12e9	Шоу о раке груди	Breast Cancer Show Ever	2008.10.15	"Из-за того, что Картман издевался над больными раком груди, Вэнди вызвала его на драку. Картман заявил всем, что придёт, но на самом деле он боится опозориться..."
s12e10	Пандемия	Pandemic	2008.10.22	"По всему миру в торговых центрах появилось много групп музыкантов, играющих национальную перуанскую музыку. Друзья увидели, сколько они получают пожертвований от покупателей и решили создать такую же группу. Картман убедил Крэйга вложить деньги в эту затею. Но неожиданно власти начали репрессии против перуанских музыкантов..."
s12e11	Пандемия 2: Потрясение	Pandemic 2: The Startling	2008.10.29	"Мальчики затерялись в Андах, где они раскрывают потрясающую тайну нападения гигантских морских свинок. Теперь у ребят есть сила спасти родной город и весь мир, но глава Национальной безопасности препятствует им. Между тем Рэнди мужественно документирует разрушения, вместо того, чтобы спасать семью."
s12e12	О прошлой ночи	About Last Night...	2008.11.05	"Пока страна празднует победу Барака Обамы на выборах, избранный президент застаёт всех врасплох, когда раньше времени приезжает в Белый дом."
s12e13	Мюзикл начальной школы	Elementary School Musical	2008.11.12	"В начальной школе появилась мода на фильм «Классный мюзикл», в результате которой Баттерс становится популярным, а Стэн рискует потерять Венди. Картман — единственный, кто не поддался этому увлечению и будет бороться до конца."
s12e14	Ненаказуемый	The Ungroundable	2008.11.19	"Баттерс уверен, что видел вампира в школе, но не может заставить никого выслушать его. Тем временем, дети готы сердиты, из-за того, что другие дети не видят различий между ними и вампирами. Баттерс становится вампиром."
s13e1	Кольцо	The Ring	2009.03.11	"Кенни заводит себе подружку. Стремясь завоевать её сердце, и не только его, Кенни приглашает её на концерт «Jonas Brothers». Чувства Кенни подвергнуты жестоким испытаниям, но он не намерен сдаваться, и упорно идёт к своей цели. Друзья, обеспокоенные изменениями в поведении Кенни, не собираются сидеть сложа руки, и пытаются найти способ исцелить друга. Если бы они знали, с каким монстром им придётся иметь дело..."
s13e2	Енот	The Coon	2009.03.18	"Страну охватил экономический кризис и в Саут-Парке наступили тёмные времена. Волна преступности захлестнула город, но нашёлся супергерой, который встал на защиту закона, даже два супергероя. Но Енот никому не позволит отнять у него право защищать этот город. Кто же станет символом закона и справедливости в эти смутные времена?"
s13e3	Маргаритавилль	Margaritaville	2009.03.25	"Мировой финансовый кризис ударил по Саут-Парку. Пока Стэн пытался вернуть в магазин купленный в кредит миксер «Маргаритавилль», Рэнди Марш создал культ всемогущей Экономики, заставив всех жителей ходить в лохмотьях и ничего не покупать. Но нашёлся один «еретик» — Кайл, готовый пожертвовать собой ради спасения всех."
s13e4	"Ешь, молись, пускай газы"	"Eat, Pray, Queef"	2009.04.01	"Первоапрельская шутка девчонок над мальчишками из обычной школьной забавы переросла в нечто большее. Больше всех пострадал Баттерс. Картман разозлился, и выступил с гневным обличением канадского телевидения, которое ради наживы не гнушается сортирным юмором. А все мужчины Саут-Парка во главе с Ренди Маршем начали борьбу с квифингом."
s13e5	Рыбные палочки	Fishsticks	2009.04.08	"Картман и Джимми придумывают самую смешную шутку в мире, которая базируется на сходстве в произношении «fishsticks» (рыбных палочек) и «fish dicks» (рыбных пенисов). Люди пытаются узнать, кто же её создал. Канье Уэст — единственный человек, который не понял шутку."
s13e6	Дерби соснового леса	Pinewood Derby	2009.04.15	"Чтобы Стэн мог выиграть в «Гонке деревянных машинок», Рэнди украл деталь от Большого адронного коллайдера. В результате деревянная машинка улетела в космос и Землёй пристально заинтересовались инопланетяне."
s13e7	Жирная Борода	Fatbeard	2009.04.22	"Мечта Картмана о том, чтобы жить как пират, сбудется, если он сможет добраться до Сомали."
s13e8	Мёртвые знаменитости	Dead Celebrities	2009.10.07	"Айк мучается не поддающимися объяснению силами. Кайл вводит профессиональных охотников за привидениями, чтобы помочь спасти его маленького брата, но полтергейсты не оставляют Айка в покое."
s13e9	Козырная сучка Баттерса	Butters' Bottom Bitch	2009.10.14	"Баттерс решительно хочет поцеловаться в первый раз, для того, чтобы его друзья больше не смеялись над ним. Заплатив за свой первый поцелуй ему в голову приходит идея о собственной «Компании Поцелуев». Между тем, один чересчур преданный своему делу коп начинает войну против проституции в Саут-Парке."
s13e10	Что за!	W.T.F.	2009.10.21	"После просмотра матча по реслингу, ребята нашли своё истинное призвание в жизни."
s13e11	Китовые шлюхи	Whale Whores	2009.10.28	"Стэн принимает меры, чтобы остановить убийство китов и дельфинов японцами."
s13e12	Слово на букву „П“	The F Word	2009.11.04	"Мальчики не позволят фестивалю «Харлей», который пройдёт в Саут-Парке, разрушить их выходные. Все так же согласны, что с них достаточно этих шумных и неприятных байкеров, которые прибыли в город. Мальчики делают вызов харлей-гонщикам, они «бросают» слово на «П» и игра началась..."
s13e13	Танцы со Смурфами	Dances with Smurfs	2009.11.11	Картмана выбирают для утренних объявлений в школе Саут-Парка.
s13e14	Ссули	Pee	2009.11.18	"Не все так хорошо в Водном Парке, как кажется, и веселый день грозит обернуться смертельно опасным. События в Городе Брызг предвещают приближение конца света. Картман пытается предупредить всех, но никто его не слушает. Бедствие неминуемо, и мальчики вступают в гонку за выживание."
s14e1	Сексуальное лечение	Sexual Healing	2010.03.17	"Лучшие учёные объединятся вместе, чтобы остановить недавний феномен богатых и успешных мужчин, которые внезапно захотели заниматься сексом со многими и многими женщинами. После проведённого обширного тестирования, обнаружилось, что Кайл, Баттерс и Кенни являются сексуально зависимыми. Их отправляют на специальные курсы для лечения."
s14e2	История о Скроти МакБугерболлзе	The Tale of Scrotie McBoogerballs	2010.03.24	"Школьники читают книгу «Над пропастью во ржи», которая, по словам мистера Гаррисона, содержит спорные моменты. Не найдя их, мальчики решают написать собственную книгу, озаглавив её «История о Мошонке Сопливыеяйца». Мать Стэна случайно находит шедевр и читает его. При чтении её несколько раз рвёт, но она признаёт это шедевром. Друзья сваливают всё на Баттерса, думая, что его будут ругать. Но когда Баттерс становится знаменитым, мальчикам это не нравится..."
s14e3	Лечебный жареный цыплёнок	Medicinal Fried Chicken	2010.03.31	"В Колорадо принят закон, разрешающий курение конопли, и одновременно запрещающий сеть быстрого питания Kentucky Fried Chicken. Из-за этого любимую забегаловку Картмана KFC заменили на аптеку лекарственной марихуаны. Ему это не нравится и он делает всё, чтобы вернуть KFC. Тем временем Рэнди пытается купить косяк."
s14e4	У вас 0 друзей	You Have 0 Friends	2010.04.07	"Друзья регистрируют Стэна в Facebook. Он поначалу не хочет с этим заморачиваться, однако по просьбе знакомых добавляет их в друзья и вскоре обнаруживает, что у него 800 тысяч друзей. В это время Кайл добавляет в друзья мальчика по имени Кип, у которого совершенно нет друзей. Вскоре Кайл обнаруживает, что все его прежние друзья куда-то подевались."
s14e5	200	200	2010.04.14	"Во время экскурсии по кондитерской фабрике, Стэн случайно оскорбляет Тома Круза и это становится началом цепной реакции: высмеиваемые ранее знаменитости подают коллективный иск против города Саут-Парк. Это может быть то, что разрушит город навсегда."
s14e6	201	201	2010.04.21	"Разгневанные знаменитости, жестокие рыжие дети и МехаСтрейзенд собираются разрушить Саут-Парк и всех, кто хочет знать, «Кто отец Эрика Картмана?»"
s14e7	Хромое лето	Crippled Summer	2010.04.28	Джимми и Тимми отправляются в летний лагерь со своими друзьями-инвалидами. Тем временем у Полотенчика возникают серьёзные проблемы с наркотиками.
s14e8	Бедный и глупый	Poor and Stupid	2010.10.06	"Картман мечтает стать водителем болида NASCAR и готов на всё, чтобы достичь этого. По его убеждениям все водители из NASCAR тупые и нищие, и чтобы стать одним из них он должен быть таким же. В итоге, своим поведением, он окончательно убеждает всех, что гонки NASCAR, действительно, для тупых и нищих. Кенни разозлен и пытается не допустить победы Картмана, но сам чуть не погибает."
s14e9	Это фишка Джерси	It's a Jersey Thing	2010.10.13	"Нью-Джерси быстро покоряет страну, штат за штатом, и их следующая остановка — Южный парк. Все восточнее Скалистых гор — теперь часть Нью-Джерси. Южный Парк рискует стать Западным Джерси в течение недели. Ренди и мальчики пытаются противостоять натиску."
s14e10	Начало	Insheeption	2010.10.20	"Когда Стена отправили к школьному психологу по поводу его психического расстройства, он понимает, что не единственный, у кого есть проблемы.
Маки и Стен добровольно сдаются на волю специалистов, и тогда Стен сам увидит, каково было Маки в 4-м классе."
s14e11	Енот 2: Послевидение	Coon 2: Hindsight	2010.10.27	"Нефтедобывающая компания пробурила скважину в Мексиканском заливе и случайно освободила злобных существ из параллельного мира вместе с Ктулху - безжалостным Тёмным Лордом. Пока «Енот и его команда» пытаются разобраться с новым супергероем в городе, на Южный Парк один за одним обрушиваются беды и природные катаклизмы."
s14e12	Восхождение Мистериона	Mysterion Rises	2010.11.03	"Енот и друзья работают вместе во главе с Мистерионом, чтобы помочь людям в Мексиканском заливе, которые «висят на крючке» у Тёмного Лорда Ктулху. Енот презирает своих коллег-супергероев и из мести работает в одиночку."
s14e13	Енот против Енота и друзей	Coon vs. Coon and Friends	2010.11.10	"Енот проявит свою темную сторону, которая окажется ещё более злобной, чем у темного властелина Ктулху, когда покарает бывших своих коллег по команде «Енот и друзья». Кенни Маккормик борется с весом своей суперсилы через его альтер-эго — Мистериона."
s14e14	Крем-фреш	Crème Fraîche	2010.11.17	Рэнди становится слишком одержим каналом Food Network и эта одержимость начинает сильно влиять на его семью.
s15e1	Человекайпадоножка	HUMANCENTiPAD	2011.04.27	"Кайл вынужденно принимает участие в разработке революционно-нового продукта от Apple. А в это время Картман винит свою мать в том, что у него нет даже обычного iPad."
s15e2	Смехобот	Funnybot	2011.05.04	"Джимми проводит вручение Comedy Awards, и объявляет о том, что у немцев самое плохое чувство юмора в мире. Германия крайне возмущена этим заявлением. Они клянутся, что их возмездие будет зверским."
s15e3	Королевский пудинг	Royal Pudding	2011.05.11	"Принц Канады собирается жениться. Это радостное время для всех канадцев, поскольку королевская свадьба скоро начнётся. Но в момент когда принц и принцесса должны сказать свою клятву, принцессу похищают. Всех канадцев призывают спасти принцессу."
s15e4	Слишком много информации	T.M.I.	2011.05.18	"Картман в бешенстве, на доске школьных объявлений были обнародованы размеры члена всех мальчиков. После очередной вспышки ярости, его отправляют на терапию по Управлению Гневом."
s15e5	Спортивная ассоциация наркозависимых детей	Crack Baby Athletic Association	2011.05.25	"Картман создаёт новую фирму «Спортивная ассоциация наркозависимых детей», которая должна помочь наркозависимым детям. Но «С. А. Н. Д.» не совсем помогает наркозависимым детям, за этим скрывается другой замысел Картмана."
s15e6	Городские суши	City Sushi	2011.06.01	"Мистер и миссис Стотч заподозрили, что у их сына проблемы с психикой, и поэтому они отводят Баттерса к психологу, который должен ему помочь. Но они не подозревают, что у психолога тоже есть кое-какие проблемы. А в это время Лу Ким объявляет войну владельцу японского ресторана «Городские Суши»"
s15e7	Стар ты стал	You're Getting Old	2011.06.08	"Рэнди и Шэрон спорят о музыкальном вкусе Стэна, а в это время сам Стэн понимает, что с ним что-то не так, и идёт к врачу, но тот ставит ему страшный диагноз — цинизм. После этого жизнь Стэна начинает идти по-другому."
s15e8	Ассбургеры	Ass Burgers	2011.10.05	"Стэн не может вернуться к нормальной жизни, как бы он ни старался. Появляется подозрение, что у него синдром Аспергера. Тем временем Картман, при помощи Кайла и Кенни, налаживает производство вкуснейших бургеров. В чём же их секрет?"
s15e9	Последний из Мексикан	The Last of the Meheecans	2011.10.12	"Мальчики играют в игру и Баттерс, как всегда, слишком серьёзно её воспринимает и пытается выиграть. Картман любой ценой старается ему помешать."
s15e10	Кляп в рот	Bass to Mouth	2011.10.19	"Школьники Южного Парка становятся жертвой нового сайта сплетен. Некий хакер заполучил доступ к записям телефонных звонков и электронных писем, и теперь выкладывает все пикантные подробности в Сеть. Мальчики приходят в шок, узнав, кто же этот хакер."
s15e11	БРАТВей	Broadway Bro Down	2011.10.26	"Шэрон рада, что Рэнди прилагает усилия к тому, что нравится ей. Но после того, как он сводил её на хит-мюзикл в Денвере, Рэнди становится большим фанатом Бродвея. Шэрон с Рэнди уезжают в Нью-Йорк, чтобы просмотреть каждый мюзикл на Бродвее."
s15e12	1%	1%	2011.11.02	"Младшая школа Южного Парка занимает последнее место по показаниям президентского фитнес-теста из-за Картмана. Поэтому им назначаются уроки физкультуры вместо больших перемен. Недовольные дети решают отомстить Картману. Баттерс и Джимми устраивают митинг, а пятиклассники поджигают его дом. Но и это не все беды Картмана."
s15e13	История Дня Благодарения	A History Channel Thanksgiving	2011.11.09	"Ребятам задают в школе написать историю Дня Благодарения, и они, насмотревшись Исторического Канала, приходят к выводу, что дело здесь опять пахнет пришельцами."
s15e14	Бедный Ребёнок	The Poor Kid	2011.11.16	"После того как родителей Кенни арестовали, сам Кенни, его брат и сестра оказались в приёмной семье. Картман теперь серьёзно удручён, что больше не над кем издеваться в школе по поводу бедности семьи."
s16e1	Перевёрнутая наездница	Reverse Cowgirl	2012.03.14	"Клайд после гибели матери в результате засасывания в унитаз совместно с друзьями пытается засудить изобретателя Джона Харингтона, а Управление туалетной безопасности берёт под полный контроль общественные и личные туалеты, что вызывает недовольство жителей Саут-Парка."
s16e2	Деньги в обмен на золото	Cash for Gold	2012.03.21	"Когда впавший в старческий маразм дедушка Стэна покупает ему галстук боло по значительно завышенной цене, мальчик начинает борьбу против спекулянтов, наживающихся на слабоумных стариках. Картман же, наоборот, серьёзно собрался открыть свой бизнес по продаже безделушек."
s16e3	Фэйсхиллинг	Faith Hilling	2012.03.28	"Школьники Южного парка увлекаются новомодным занятием — «мемингом», заключающимся в фотографировании в различных нелепых позах с выкладыванием этих фотографии в Интернете. Однако актуальность мемов быстро меняется, в результате чего так любимый Картманом и другими ребятами «фэйсхиллинг» выходит из моды. В это же время обыкновенные домашние коты начинают ускоренным темпом эволюционировать."
s16e4	Жидокабра	Jewpacabra	2012.04.04	"Большая охота на Пасхальные яйца в Саут-Парке оказывается под угрозой срыва, когда Картман утверждает, что видел в лесу неведомое существо и даже заснял его на видео."
s16e5	Яйца Баттерса	Butterballs	2012.04.11	"В школе поднимается слух о дедовщине в школе, тем временем к Баттерсу приезжает бабушка, которая начинает его тайком бить и оскорблять. Детям в школе объясняют об опасности издевательств над слабыми, а Стэн вызывается стать режиссёром фильма на эту тему, так как все девочки восхищаются подобными поступками. Кайл же не одобряет эту инициативу Стэна, обвиняя того в эгоизме и лицемерии."
s16e6	Лучше бы я никогда не ездил на канатную дорогу	I Should Have Never Gone Ziplining	2012.04.18	"Мальчики не знают, как провести оставшийся день каникул. Они решают поехать на канатную дорогу, но уже по пути осознают, что это смертельно скучное времяпровождение."
s16e7	Картман находит любовь	Cartman Finds Love	2012.04.25	"В школу приходит новая чернокожая девочка и Картман считает, что она обязательно должна встречаться с Токеном, который, однако, другого мнения. Но Картман запирает их в мужской раздевалке на ночь и после этого происшествия они начинают встречаться."
s16e8	Сарказмобол	Sarcastaball	2012.09.26	"Как заботливый отец, Рэнди Марш радикально изменяет правила футбола, по которым играют в начальной школе Саус Парка. Новый вид спорта быстро становится самым популярным в США."
s16e9	Поднимая планку	Raising the Bar	2012.10.03	"Эрик Картман признаёт, что тучен. Но вместо того чтобы бороться с весом, он начинает пользоваться электроскутером для малоподвижных, чтобы вместе с другими толстяками бесстыдно терроризировать обычных людей. Планка общественного стыда упала так низко, что в бездонные глубины океана за ней отправляется сам Джеймс Кэмерон."
s16e10	Внебезопасность	Insecurity	2012.10.10	"Человек, который ежедневно обходит все дома в Саус Парке, теперь под подозрением. Пакеты, оставленные у порога - угроза для каждой семьи по соседству. Картман берет дело в свои руки и занимается системой безопасности."
s16e11	Голос предков	Going Native	2012.10.17	"Баттерс становится раздражительным. Супруги Стотчи понимают, что пришла пора рассказать своему сыну о том, что он не американец. Для самопознания и обретения душевного спокойствия, Баттерс должен воссоединиться со своим народом, поэтому он с вместе с Кенни отправляется на далекой и уединенный остров Гавайи."
s16e12	Кошмар на Фейстайме	A Nightmare on FaceTime	2012.10.24	"Четверка друзей планирует на Хэллоуин выиграть конкурс костюмов в образе Мстителей. Однако в последний момент Рэнди Марш не отпускает своего сына на праздник, и Стэн вынужден помогать отцу в его предпринимательской авантюре."
s16e13	Браслет для аплодисментов	A Scause for Applause	2012.10.31	"Люди снимают памятные браслеты, потрясенные новостью об использовании доппинга их кумиром. Также избавляются от браслетов и все школьники, кроме Стэна, который решил бросить вызов общественному мнению."
s16e14	Обама победил!	Obama Wins!	2012.11.07	"Картман скрывает в своей спальне нечто, способное изменить исход президентских выборов. В то время как американцы наивно планируют лечь вечером во вторник с подсчитанными голосами и объявленным победителем, результат голосования и судьба «Звёздных Войн» зависят от школьников Саус Парка."
s17e1	"Ступай, правительство присмотрит за тобой"	"Let Go, Let Gov"	2013.09.25	"Картману удается проникнуть в агентство национальной безопасности, чтобы посмотреть свое досье. Ему не нравится то, что он там находит, и Картман решает рассказать всем правду. Тем временем Баттерс находит того, кто готов услышать его молитвы."
s17e2	Познавательная снафф-порнуха	Informative Murder Porn	2013.10.02	Школьники Саус Парка пытаются с помощью компьютерной игры Minecraft заблокировать телеканал криминальных хроник и не дать своим родителям поубивать друг друга.
s17e3	Война Миров З: Циммерман	World War Zimmerman	2013.10.09	"Картман интересуется одним человеком, в котором видит угрозу для всего человечества. Он намеревается пересечь всю страну, чтобы остановить Пациента номер Ноль и предотвратить взрыв бомбы замедленного действия."
s17e4	Дети-готы 3: Рассвет позеров	Goth Kids 3: Dawn of the Posers	2013.10.23	"Пребывание в лагере для проблемных подростков настолько повлияло на ребёнка-гота, что у него не осталось ничего общего с бывшими друзьями. Поставлено под угрозу само существование готов, поэтому они вынуждены просить помощи у своих заклятых врагов - вампиров."
s17e5	Приручить чужака	Taming Strange	2013.10.30	"У Айка начинается половое созревание, а Кайл переживает, что он и его младший брат продолжают расти, поэтому он берет его на живой концерт своей любимой группы «Йо, Габба, Габба!»."
s17e6	Рыжая корова	Ginger Cow	2013.11.06	"Картман способствует миру во всем мире своей последней шуткой, которая делает религиозных лидеров Южного парка свидетелями священного пророчества."
s17e7	Черная пятница	Black Friday	2013.11.13	"Начинается сезон праздничных скидок, и ребята пытаются выяснить, как успеть купить игровую приставку в торговом центре. Между тем, Ренди устраивается на работу охранником, чтобы помогать сдерживать толпу в магазине."
s17e8	Песнь задницы и огня	A Song of Ass and Fire	2013.11.20	"Продолжении эпопеи про Черную Пятницу. Силы Play Station 4 усиливаются, но Xbox в лице Билла Гейтса тоже не сдает позиции."
s17e9	Титьки и драконы	Titties and Dragons	2013.12.04	"Торговый центр, наконец, откроет свои двери для самой грандиозной распродажи черной пятницы в истории. Друзья спорят о том, какая игровая консоль лучше, а победителя между Xbox и Sony определит грядущая кровавая битва."
s17e10	Хоббит	The Hobbit	2013.12.11	"Венди пытается донести до всех идею о том, какое сильное давление испытывают девочки, стремящиеся выглядеть как знаменитости. Из-за своего последнего высказывания Венди портит отношения с одноклассниками, а у Клайда появляется новая девушка."
s18e1	Себе пофинансируй	Go Fund Yourself	2014.09.24	"Картман с друзьями организуют стартап со сбором средств на Kickstarter, чтобы легко разбогатеть и не ходить в школу. Однако использование для этого названия и символики футбольного клуба «Вашингтон Редскинз» встречает противодействие руководства клуба."
s18e2	Безглютеновая Эбола	Gluten Free Ebola	2014.10.01	"Мальчики возвращаются в школу, но никто не желает с ними общаться, так как пока они наслаждались успехами своего стартапа в предыдущем эпизоде, они довольно по-хамски вели себя с окружающими, в том числе со школьными друзьями. Чтобы вернуть себе популярность, мальчики решают устроить крутую вечеринку, на которую хотят пригласить певицу Лорд о чем сообщают на местном радио. Тем временем жители США сходят с ума по безглютеновой диете. Это рушит надежды мальчиков на крутую вечеринку, так как все отказываются от пицц и любых мучных продуктов."
s18e3	Девчонка	The Cissy	2014.10.08	"Картман врет о том, что он трансгендер, чтобы иметь право ходить в женский туалет. Директрисса Виктория, посовещавшись с учителями, принимает решение не сопротивляться Картману, а организует для него отдельный туалет в помещении бывшей школьной кладовой."
s18e4	Инвалидка	Handicar	2014.10.15	"Чтобы заработать на поездку в детский лагерь, Тимми начинает предоставлять услуги такси, чем наживает себе врагов."
s18e5	Волшебный куст	The Magic Bush	2014.10.29	"Картман с Баттерсом, заполучив себе беспилотник и решив обкатать его у себя на районе, случайно снимают сцену переодевания матери Крейга. Картман выкладывает снятое дроном видео в Интернет."
s18e6	Условно-бесплатное — не бесплатно	Freemium Isn't Free	2014.11.05	"Стэн подсаживается на новую мобильную игрушку о Терренсе и Филлипе. Хотя игра и бесплатна, на приобретение дополнительных возможностей в игре Стэн тратит колоссальные деньги."
s18e7	Заточение в виртуальности	Grounded Vindaloop	2014.11.12	"Картман дурачит Баттерса, убеждая его, что он находится в виртуальной реальности. Внезапно становится совсем не очевидно - кто же именно находится в ней."
s18e8	Петушковая магия	Cock Magic	2014.11.19	Мальчики болеют за Кении на соревновании по «Magic: The Gathering». Внезапно они узнают о петушиных боях по MTG. Рэнди немного по-своему понимает расходящиеся по Южному парку слухи о петушковой магии.
s18e9	#РЕХЭШ	#REHASH	2014.12.03	"В один прекрасный момент Айку надоедает играть с Кайлом в видео игры. Кайл понимает, что поколение Айка уже не такое как было у него. У них новые ценности, неподвластные Кайлу. Тем временем Картман открывает свой новый видеоблог."
s18e10	#СчастливыхГолограмм	#HappyHolograms	2014.12.10	"Кайл создаёт команду для организации праздничного телешоу. Он уверен, что благодаря этому событию ему снова удастся объединить свою семью. Тем не менее голограммы продолжают оставаться на свободе."
s19e1	Потрясающая и храбрая	Stunning and Brave	2015.09.16	"В начальной школе Саут Парка новый политкорректный директор. Он заставляет мальчиков осознать, сколько вреда нанесли окружающим их расистские взгляды и невольные предубеждения."
s19e2	Что стало с моей страной?	Where My Country Gone?	2015.09.23	"Мальчики недовольны притоком иммигрантов в классе. Мистер Гаррисон хочет сплотить народ, чтобы выдворить всех чужаков."
s19e3	Городская часть города	The City Part of Town	2015.09.30	Кенни решает устроиться на работу.
s19e4	Ты не Иелпишь	You're Not Yelping	2015.10.14	Картман и онлайн-обзор ресторанов.
s19e5	Безопасное пространство	Safe Space	2015.10.21	Над Картманом издеваются из-за ожирения.
s19e6	Твик + Крэйг	Tweek x Craig	2015.10.28	Карикатуры на Твика и Крейга.
s19e7	Шаловливые ниндзя	Naughty Ninjas	2015.11.11	"Жители Саус Парка приходят к выводу, что могут обойтись и без полиции, и собираются это дело отметить."
s19e8	Спонсорский контент	Sponsored Content	2015.11.18	Директор школы и школьная газета. Политические дебаты с Хилари Клинтон.
s19e9	Правда и реклама	Truth and Advertising	2015.12.02	Виктория и мистер Гаррисон возвращаются в Саус Парк; Джимми и тайна Лесли.
s19e10	Последнее правосудие П.К. Директора	PC Principal Final Justice	2015.12.09	"Поездка директора; Саус Парк вооружается;  Нейтан захватил Джимми; Кайл защищает Лесли, финальная разборка."
s20e1	Ягодки-вспоминашки	Member Berries	2016.09.14	Мистер Гаррисон с головой погрузился в вопрос президентских выборов; Дж. Дж. Абрамс «перезапускает» национальный гимн США.
s20e2	Охотник на шалав	Skank Hunt	2016.09.21	"Решение, которое касается Картмана."
s20e3	Проклятый	The Damned	2016.09.28	Массовое обсуждение троллинга в СМИ.
s20e4	Сосиски наголо	Wieners Out	2016.10.12	Мальчики против девочек; Джеральд опасается за свою тайну.
s20e5	Клизма и датчане	Douche and a Danish	2016.10.19	Поиски продолжаются; Джеральд и объединение.
s20e6	Форт Коллинс	Fort Collins	2016.10.26	"Хакеры атакуют целый город в Колорадо; Джеральд и Картман могут всё потерять, если станет известно о том, чем они занимались в Интернете."
s20e7	О Боже!	"Oh, Jeez"	2016.11.09	Директор пытается помирить мальчиков и девочек; Джеральд и неожиданная встреча.
s20e8	Только для участников	Members Only	2016.11.16	Мистер Гаррисон и последствия избрания его президентом; Джеральд; Картман и Хейди собираются отправиться на Марс.
s20e9	Не смешно	Not Funny	2016.11.30	Картман решает отправиться на Марс; мистер Гаррисон мечтает отомстить жителям Саус Парка.
s20e10	Покончим с последовательностью	The End of Serialization as We Know It	2016.12.07	Стэн и Кайл убегают с Айком; смертный приговор Картмана; Мистер Гаррисон и Рэнди помогают троллям уничтожить страну.
s21e1	Реновация по-белому	White People Renovating Houses	2017.09.13	"Рэнди осознаёт, что значит в современном обществе быть белым."
s21e2	Убери	Put It Down	2017.09.20	Твик опасается ракетной угрозы со стороны Северной Кореи; Картман требует к себе уважения.
s21e3	Праздничный выпуск	Holiday Special	2017.09.27	"День Колумба отменён, и попытки добиться пересмотра этого решения."
s21e4	Приквел франшизы	Franchise Prequel	2017.10.11	Профессор Хаос начинает распространять в «Фейсбуке» ложь.
s21e5	Хуммели и героин	Hummels & Heroin	2017.10.18	В результате огромной передозировки обезболивающих погибает любимый эстрадный артист; Стэна вот-вот обвинят в распространении наркотиков.
s21e6	Ведьмучьи дети	Sons A Witches	2017.10.23	Хэллоуин в Саус Парке; ведьма и её проклятие.
s21e7	Двойная упертость	Doubling Down	2017.11.08	"Вмешиваясь во взаимоотношения между Картманом и Хейди, Кайл играет с огнём."
s21e8	Тихоходки	Moss Piglets	2017.11.15	Эксперимент Джимми и Тимми; ежегодная научная ярмарка.
s21e9	ЗАПРЕДЕЛЬНАЯ политкорректность	Super Hard PCness	2017.11.29	Любовь директора; Кайл не впечатлён.
s21e10	Тухлый помидор	Splatty Tomato	2017.12.06	"Дети утверждают, что видели президента Гаррисона."
s22e1	Мертвые дети	Dead Kids	2018.09.26	Рэнди хочет помочь Шэрон; Картман неожиданно проваливает тест по математике; стрельба в школе.
s22e2	Мальчик и священник	A Boy and a Priest	2018.10.03	"Рэнди узнаёт, что ребята отправились на пикник со священником."
s22e3	Проблема с какашкой	The Problem with a Poo	2018.10.10	Жёсткие вопросы.
s22e4	Целебные фермы	Tegridy Farms	2018.10.17	Рэнди перевозит семью за город и начинает заниматься сельским хозяйством; вейперы в Саус Парке.
s22e5	Покатушки	The Scoots	2018.10.31	Хэллоуин и современные технологии; хаос на улицах.
s22e6	Настало время сурьёзности	Time to Get Cereal	2018.11.07	
s22e7	Никто не станет сурьёзным?	Nobody Got Cereal?	2018.11.14	Побег; откуда приходит помощь Саус Парку.
s22e8	Коробка Будды	Buddha Box	2018.11.28	Картман и хроническое беспокойство.
s22e9	Невыполненный	Unfulfilled	2018.12.05	"Саус Парк ожидают перемены, и при чём тут компания «Amazon»."
s22e10	Велопарад	Bike Parade	2018.12.12	"Сотрудники «Amazon» объявили забастовку, и доставлять заказанные рождественские подарки некому; велопарад; Кенни и бастующие."
s23e1	Мексиканский Джокер	Mexican Joker	2019.09.25	
s23e2	Группа в Китае	Band in China	2019.10.02	
s23e3	Прививки!!!	Shots!!!	2019.10.09	
s23e4	Пусть они едят жижу	Let Them Eat Goo	2019.10.16	
s23e5	Хеллоуин на ферме Тегриди	Tegridy Farms Halloween Special	2019.10.30	
s23e6	Финал сезона	Season Finale	2019.11.06	
s23e7	Настольные девочки	Board Girls	2019.11.13	
s23e8	Похитители какашек	Turd Burglars	2019.11.27	
s23e9	Обычное кабельное	Basic Cable	2019.12.04	
s23e10	Рождественский снежок	Christmas Snow	2019.12.11	
s24e1	Спецвыпуск в пандемию	The Pandemic Special	2020.09.30	
s24e2	Спецвыпуск в вакцинацию	South ParQ Vaccination Special	2021.03.10	
s24e3	Южный Парк: После COVID'а	South Park: Post COVID	2021.11.25
s24e4	После COVID'а - возвращение COVID'а	Post Covid - The Return of Covid	2021.12.16
s25e1	Пижамный день	Pajama Day	2022.02.02
s25e2	Большой сговор	The Big Fix	2022.02.09
s25e3	Городские	City People	2022.02.16
s25e4	Назад в Холодную войну	Back to the Cold War	2022.03.02
s25e5	Помогите, мой подросток меня ненавидит!	"Help, My Teenager Hates Me!"	2022.03.09
s25e6	Порядуличная трава ко Дню святого Патрика	Credigree Weed St. Patrick's Day Special	2022.03.16
s25e7	Стриминговые войны	South Park: The Streaming Wars	2022.06.01
s25e8	Стриминговые войны. Часть 2	The Streaming Wars Part 2	2022.07.13
s26e1	Купидон Йе	Cupid Ye	2023.02.08
s26e2	Мировой тур в защиту частной жизни	The Worldwide Privacy Tour	2023.02.15
s26e3	Японские туалеты	Japanese Toilet	2023.03.01
s26e4	Глубокое обучение	Deep Learning	2023.03.08
s26e5	Хот-доги ДикинБаус	DikinBaus Hot Dogs	2023.03.22
s26e6	Весенние каникулы	Spring Break	2023.03.29
s26e7	Южный Парк: Присоединение к Пандервселенной	South Park: Joining the Panderverse	2023.10.27
s26e8	Южный Парк (Не предназначено для просмотра детьми)	South Park (Not Suitable for Children)	2023.12.20
s26e9	Южный Парк: Конец ожирения	South Park: The End of Obesity	2024.05.24
s27e1	Эпизод 1	Episode #27.1
s28e1	Эпизод 1	Episode #28.1
s29e1	Эпизод 1	Episode #29.1		
s30e1	Эпизод 1	Episode #30.1		
